文章标题,文章小时,文章评论数,文章类别,文章类型,文章链接
他呆萌如张艺兴，却因抢戏”朴海镇被骂，今连演两剧要大爆？,0,3,娱乐,news,http://www.yidianzixun.com/article/0JctvW3i
朱一龙再添新料，这次真的不是粉丝的错,1,26,娱乐,news,http://www.yidianzixun.com/article/0Jcqw8Et
主编撕粉丝，差点糊掉朱一龙时尚资源，然而镇魂女孩不会输！,0,14,娱乐,news,http://www.yidianzixun.com/article/0Jctmh4Q
绝版（武侠片）很少人看过，相当经典！,1,14,娱乐,video_live,http://www.yidianzixun.com/article/V_01kXzcwn
搞笑GIF：我有我的炫富方式，不是很富但是很炫！,2,6,搞笑,news,http://www.yidianzixun.com/article/0JcplBz1
《甜蜜暴击》两位女配都是整容脸，一出场就把关晓彤鹿晗风头抢走,2,32,娱乐,news,http://www.yidianzixun.com/article/0Jcncw8L
朱一龙再添新料，这次真的不是粉丝的错,1,26,娱乐,news,http://www.yidianzixun.com/article/0Jcqw8Et
郑爽拍戏休息时翘着二郎腿脚踩椅子，是没素质还是没架子？,0,3,娱乐,news,http://www.yidianzixun.com/article/0JctxGpE
lucky上一秒爆料爸爸太凶，下一秒就成了李承铉的小迷妹！,1,5,娱乐,news,http://www.yidianzixun.com/article/0JcqspWh
窦靖童携妹妹亮相妈妈新综艺，天后王菲激动的热泪盈眶,1,12,娱乐,news,http://www.yidianzixun.com/article/0JcsbEhZ
恋情被曝光后就没有多大热度，张云龙到底怎么了？,1,36,娱乐,news,http://www.yidianzixun.com/article/0JcqhOJb
于正的这部作品才叫高颜值，完全不输《延禧攻略》,1,15,娱乐,news,http://www.yidianzixun.com/article/0JcqAjpv
《天乩之白蛇传说》突遭下架，监管的达摩克里斯之剑”再次袭来,2,31,娱乐,news,http://www.yidianzixun.com/article/0JcowsJc
